[
  {
    "city": "Warszawa",
    "lat": 52.2297,
    "lng": 21.0122
  },
  {
    "city": "Kraków",
    "lat": 50.0647,
    "lng": 19.945
  },
  {
    "city": "Łódź",
    "lat": 51.7592,
    "lng": 19.456
  },
  {
    "city": "Wrocław",
    "lat": 51.1079,
    "lng": 17.0385
  },
  {
    "city": "Poznań",
    "lat": 52.4064,
    "lng": 16.9252
  },
  {
    "city": "Gdańsk",
    "lat": 54.352,
    "lng": 18.6466
  },
  {
    "city": "Szczecin",
    "lat": 53.4285,
    "lng": 14.5528
  },
  {
    "city": "Bydgoszcz",
    "lat": 53.1235,
    "lng": 18.0084
  },
  {
    "city": "Lublin",
    "lat": 51.2465,
    "lng": 22.5684
  },
  {
    "city": "Białystok",
    "lat": 53.1325,
    "lng": 23.1688
  },
  {
    "city": "Katowice",
    "lat": 50.2649,
    "lng": 19.0238
  },
  {
    "city": "Gdynia",
    "lat": 54.5189,
    "lng": 18.5305
  },
  {
    "city": "Częstochowa",
    "lat": 50.8118,
    "lng": 19.1203
  },
  {
    "city": "Radom",
    "lat": 51.4027,
    "lng": 21.1471
  },
  {
    "city": "Toruń",
    "lat": 53.0138,
    "lng": 18.5984
  }
]